{
    "input_dim": 67,
    "num_experts": 5,
    "hidden_layers": [
        448,
        256,
        256
    ],
    "dropout_rate": 0.10707193264581182,
    "activation_name": "leaky_relu",
    "lr_gating": 0.00010726715028232818,
    "lr_experts": 1.1164126527752833e-06
}