{
    "input_dim": 67,
    "num_experts": 5,
    "hidden_layers": [
        192,
        128,
        64
    ],
    "dropout_rate": 0.29482286642942723,
    "activation_name": "leaky_relu",
    "lr_gating": 0.00028456655668427467,
    "lr_experts": 1.6030012190760785e-05
}